timestamp,Tag ID,x,y,z,qx,qy,qz,qw
0.5912480354309082,0,0.02182768580137922,0.054864927357871636,0.14810347873408378,0.9993658638037556,0.999431275953021,0.9998379572859183,0.009585128232757003
0.7581496238708496,0,0.021821826884475887,0.0548414441105922,0.14804965322277366,0.999325736872444,0.9994143363879954,0.9998145176242,0.009569797892702184
0.7864956855773926,0,0.02183139509549297,0.05486998523048482,0.14812600014684016,0.9993445607645893,0.9994267294553355,0.9998322308469063,0.008992963695919832
0.8125460147857666,0,0.021836596225256757,0.05488134109583081,0.14815840663148488,0.9994212120559612,0.9994648210055501,0.9998894750479694,0.007982331029404576
0.8384113311767578,0,0.021827391130328198,0.05485981914945586,0.14809274803439282,0.9993347620532396,0.9994287833810395,0.9998222052220087,0.00888294886263541
0.8642666339874268,0,0.021826298167711405,0.05485857564321964,0.14808959120743942,0.9993437250357949,0.9994237132556437,0.9998343509048945,0.008997732704029624
0.897442102432251,0,0.021828546282888956,0.05486644681821445,0.14810992524119226,0.9993442547604529,0.9994213660531606,0.9998228118530627,0.009742826276112563
0.9308204650878906,0,0.021832906348047743,0.05487483177330855,0.14813550751890558,0.9993262687850134,0.9994232193467203,0.9998225325823997,0.008700194611614837
0.9649736881256104,0,0.02183361366441596,0.05487795989694162,0.14814029155334685,0.9993226307132712,0.9994260233162299,0.9998105633428181,0.008995504605001467
0.9980988502502441,0,0.021840356707649774,0.054895694021119844,0.1481885970686469,0.9993572555368697,0.9994315545641895,0.9998476362766893,0.008588969557022383
1.0301196575164795,0,0.021840749627410512,0.05488907060281496,0.14816919908154413,0.9993293149578055,0.9994208427041338,0.9998274561819867,0.008732607178293429
1.064009428024292,0,0.021828955738845874,0.05486587496975449,0.14810895984564715,0.9993130267250709,0.9994088637590115,0.9997979273231695,0.010022069502811506
1.1001288890838623,0,0.021847887608172824,0.05491126069214375,0.14823219465865417,0.9993359874390234,0.9994361324385442,0.9998446877168546,0.007164461085320701
1.130789041519165,0,0.021842645918206827,0.054893716828986694,0.14818762257490095,0.9993041581655151,0.9994195479197235,0.9998106075526577,0.008313126062989978
1.168017864227295,0,0.021830545512864605,0.054860719479556196,0.14809168226817448,0.9992805905437646,0.9994040106035851,0.9997850527259157,0.009260050111355566
1.212714672088623,0,0.02183702885110241,0.0548859688756297,0.1481629325286018,0.9993075103031674,0.9994154054521001,0.9998150299801223,0.00849485193560347
1.253037929534912,0,0.021845118043756915,0.0549013623537282,0.14820601958056204,0.9992866613042897,0.9994197174615098,0.9998175912072014,0.006727811100708565
1.279789924621582,0,0.021848935230734313,0.05491180653588394,0.1482321036144017,0.9992893157992332,0.9994175073081187,0.9998219636807375,0.006766602761721006
1.302612543106079,0,0.0218475198290837,0.054910985384869326,0.14822958820958515,0.9993198020256472,0.9994383763385972,0.9998392324417787,0.006219728642810989
1.3291146755218506,0,0.02184420499914303,0.05490189606756734,0.14820090036486858,0.9993279432207531,0.9994270558490034,0.9998299748354151,0.008150527748910867
1.3642675876617432,0,0.021833583277333934,0.054874495717861946,0.1481332722687246,0.9992677594984061,0.9994060034540998,0.9997950008167656,0.007858638932668251
1.3964779376983643,0,0.021842321216972525,0.05489087404835985,0.14817913469478128,0.999295250401553,0.9994201380055473,0.999818137224176,0.007256001866594124
1.4314625263214111,0,0.021841862342211173,0.05489774769182688,0.14819895428872876,0.9992952668005595,0.9994184724743702,0.9998226920635686,0.007065436869032535
1.4634532928466797,0,0.021841255152205072,0.05489610189688101,0.14819352352717258,0.9993903047326953,0.9994563290780044,0.9998796446052912,0.0071503937033055584
1.497532606124878,0,0.02183359996013619,0.05487775562393821,0.14814439602956936,0.9992998437446804,0.999417638855095,0.9998191230608022,0.007654148656207799
1.5313127040863037,0,0.021836937247113615,0.05488497289592316,0.14816508138647655,0.9992889346047558,0.9994134549576635,0.999819778021252,0.007170204802439771
1.5638706684112549,0,0.021834721347244183,0.05487457041930188,0.1481361196153664,0.9992279383993656,0.999401678351698,0.9997660167145243,0.007419756971426073
1.6126949787139893,0,0.021837295091207253,0.05488539585911865,0.14816250459076424,0.9993291930085471,0.9994368566402801,0.9998353894934304,0.007275202705126157
1.645035982131958,0,0.021828623097752454,0.05485982561994973,0.14809686770483108,0.9992755656906861,0.9994003112652381,0.9998007495259883,0.008328128020346095
1.6732990741729736,0,0.02183049132744581,0.054866765741083554,0.14811845491735742,0.9992660361669756,0.9993997139098135,0.9997904411930628,0.008398633988344787
1.6994941234588623,0,0.02183266279884504,0.05486899577230445,0.14812250349043016,0.9992969016639078,0.9994227633295167,0.9998037871723159,0.008090559498763791
1.7290148735046387,0,0.021832160054477016,0.05487072220578088,0.14812318219608428,0.9992495462965704,0.9993903764309316,0.9997713547435972,0.009045832512765133
1.764984130859375,0,0.021825931894028,0.05485802990018132,0.14808602111505353,0.9992298241788403,0.9993875505544019,0.9997448035516131,0.009529519011982065
1.7967782020568848,0,0.02182999111149761,0.05487431524060947,0.14812921822430164,0.9993120934558172,0.9994082974536974,0.999802326606734,0.009789403419889972
1.8299541473388672,0,0.021835020928829146,0.05488230251170444,0.14815184285761462,0.9992709356875885,0.9993942013826163,0.9997936083293439,0.00881062543430594
1.866039514541626,0,0.02184490509855942,0.05490778649107514,0.14822123794787292,0.9993361687384716,0.9994297074997273,0.9998334884888499,0.00827745878656367
1.8970332145690918,0,0.021838098531360386,0.054892856102593396,0.1481776435741206,0.9993064893869387,0.9993921989749096,0.999797192211172,0.010537671484128194
1.9308230876922607,0,0.021843437623042968,0.05490867782814407,0.14822180699447218,0.9992858111475713,0.9994030740510174,0.9998074149696831,0.008382847927918631
1.962165355682373,0,0.021846797105097432,0.054911779149251744,0.14823208402656718,0.9993129921584375,0.9994146569677872,0.9998040295208358,0.009426322446125015
1.9962031841278076,0,0.021839839622547604,0.054895534702245036,0.1481857906000944,0.9992663817584284,0.9993890373487269,0.9997742526893864,0.00983924430246828
2.0295629501342773,0,0.021848917259317993,0.054922504610269124,0.1482619834883335,0.9992951937253897,0.9994083501240935,0.9998031804060336,0.0088531347579539
2.0635108947753906,0,0.02185924832209301,0.05494398736793724,0.14832165340902667,0.9993433642181355,0.9994329250600819,0.9998349064758011,0.008429838974075938
2.101813554763794,0,0.021864606713661056,0.054960946592244216,0.1483697648319144,0.9993447914184167,0.9994343499012058,0.9998565913782848,0.007086509162534492
2.1301026344299316,0,0.02186280059507334,0.05495037412239469,0.14834042335955477,0.999327920301963,0.9994290165663199,0.9998198584665887,0.008615784665363942
2.1629014015197754,0,0.021861522537586716,0.054945006655046716,0.14832461132267166,0.9993350712975835,0.9994345418148693,0.9998278542007394,0.008255420100746608
2.197336435317993,0,0.02186204482168989,0.05495190429256775,0.14834237710232956,0.9993122357608143,0.9994093404478597,0.9998222710054027,0.008702465784246747
2.2312474250793457,0,0.021860707997489123,0.054949886921156266,0.14833754598526006,0.9993288955369635,0.9994230734588944,0.9998447437561782,0.0075528473588005705
2.2635557651519775,0,0.021857700416330103,0.05493993451859897,0.14831322501936972,0.9993055972231177,0.9994141591990625,0.999814307303619,0.008497041249334904
2.298321485519409,0,0.02186200326585912,0.05496106878972208,0.14836445070012497,0.9993285446870831,0.9994238147052855,0.9998379503880287,0.007906173165087772
2.330796003341675,0,0.021864752473452532,0.05495793915292105,0.14835664790679387,0.9993210793413332,0.9994218852257212,0.999827589170181,0.008188273931444078
2.363414764404297,0,0.02186251551913919,0.054952254942944624,0.1483448196947151,0.9992746128332397,0.9993837731294752,0.9998021145423729,0.009121289685058945
2.397728443145752,0,0.021872229167189228,0.054978514545517575,0.1484137698355637,0.9993606488584541,0.999442745741615,0.9998682825296539,0.006804434979675486
2.4307096004486084,0,0.021864397614703646,0.05496406600763287,0.14837358813081997,0.9993143606190442,0.9994194431560479,0.999837505276534,0.0073040104342587875
2.4647531509399414,0,0.021870240857471027,0.054976906716696666,0.14840648629661407,0.9993702974310102,0.9994370947131276,0.9998562422105792,0.008536279771200443
2.497641086578369,0,0.021862857182640777,0.0549541488865188,0.14834465400984495,0.9992919454536391,0.9994177861748402,0.9998116517159542,0.007610512480113163
2.530829429626465,0,0.021861193443150177,0.05495010391655551,0.14833245476057136,0.9992782656497256,0.9993952015170171,0.9997940690531559,0.009131161857936797
2.5645956993103027,0,0.02186937523441696,0.05497421517494328,0.1483993888034294,0.9993765533075897,0.9994409307206551,0.9998842684479244,0.006945849772304705
2.597280502319336,0,0.021867672502316166,0.05497186411474948,0.14838952484696355,0.999322651900125,0.9994229865799493,0.999829441048271,0.00810757748597595
2.631929874420166,0,0.0218618756118572,0.05495649788410047,0.1483456959119661,0.9993032032726501,0.9994003560846845,0.9998082187481967,0.009443427928212178
2.6636922359466553,0,0.021867857859722346,0.05497242495773993,0.14838116437909651,0.9992839163000332,0.9994090567815808,0.9998089605126788,0.007819292887818295
2.697615623474121,0,0.021861540095490874,0.05495802113948058,0.14834224696121737,0.9993391462089717,0.9994268114632816,0.9998253317397647,0.009062312037983482
2.7317168712615967,0,0.02185898984390994,0.054956305161301205,0.14833183376811618,0.9992708746210207,0.9994040932701658,0.9997763039265772,0.009196638882520928
2.7640810012817383,0,0.021860453526974664,0.05496276649442773,0.14835126892647846,0.9993046226702482,0.9994079580568677,0.9998254514304536,0.00815919730913666
2.7987334728240967,0,0.02185460208604241,0.0549509999541399,0.14832351105313643,0.9993338145141887,0.999419305444454,0.9998279370469759,0.009039688323857618
2.831228256225586,0,0.02185106678034729,0.05493874876230288,0.1482982076529831,0.9993007504681505,0.9994080807928009,0.9997950975302647,0.009584823302258318
2.865438938140869,0,0.021855631283958513,0.05494060738122502,0.14832071270120084,0.9993614669077854,0.9994358407948176,0.9998504232826012,0.008427670746048149
2.899160385131836,0,0.021863090285580845,0.05495465174163013,0.14836514143617102,0.9992908709435738,0.9994108558560472,0.9998137993358424,0.007844033942568586
2.9323716163635254,0,0.021864554074979087,0.054952577077785565,0.1483745542213471,0.9993120618425001,0.9994197730362613,0.9998397154376993,0.006977008735440552
2.9652974605560303,0,0.02185914236932186,0.05493168486025761,0.14832482276959885,0.9992565484087274,0.9993941089488371,0.9997846128964744,0.008503893369496723
2.996147632598877,0,0.02186507048873081,0.054952680776280266,0.1483746875853776,0.9993323791682134,0.999424116254382,0.9998355981443323,0.008259994072107393
3.0300793647766113,0,0.021863416985617317,0.0549477268845541,0.14835754367800572,0.9992763927523145,0.9994019426011308,0.9997979869961384,0.00843985366967034
3.064445972442627,0,0.021865815015835115,0.05495758576319748,0.14837125245422642,0.999330114054582,0.9994222134974019,0.9998349018829786,0.008278582271581555
3.0990395545959473,0,0.021872169379092622,0.05497680655740641,0.14841765251263903,0.999354764583782,0.9994346854619258,0.9998615978836567,0.007404106839894469
3.1296238899230957,0,0.021870432307865992,0.054982002216185814,0.14841544014069447,0.9993601354580098,0.9994444097070481,0.9998518044888159,0.007747028067390283
3.1640431880950928,0,0.021863256928310253,0.05496051024455625,0.14835625028091906,0.9992908447419973,0.9993923775774739,0.9998109988120278,0.009064484328393612
3.1995997428894043,0,0.021863556246108737,0.05496427406331109,0.14836517790851056,0.9993829156289441,0.9994494751591968,0.9998594902403898,0.0083674390523738
3.2322728633880615,0,0.021868958842558742,0.054971527957470415,0.14838936552390747,0.9993402261871229,0.9994390113386323,0.9998439141015621,0.0073079639326125555
3.261636972427368,0,0.021862541968160322,0.05495289716336562,0.14834360788839485,0.999344418747131,0.9994151889487878,0.9998375660248492,0.009321749747959601
3.295438528060913,0,0.021864874670673485,0.054955447686007054,0.1483496861916939,0.999309473829063,0.9994175118940816,0.9998228954292951,0.008029615224275468
3.330406665802002,0,0.021865847939454536,0.05495149204335316,0.1483497194383333,0.999271965560537,0.999393863884516,0.9997981276574801,0.008638362597572896
3.3625597953796387,0,0.021868403185909758,0.05495692081810318,0.14836766225250397,0.9993498202529696,0.9994181275897924,0.9998446439537035,0.009083005790474141
3.3977742195129395,0,0.021870969071757944,0.05496560756936409,0.14838897611429996,0.9993056979399558,0.9994164021844816,0.9998339019821009,0.007163980037929594
3.429729700088501,0,0.02186131942199382,0.054941284682069005,0.14832642661272477,0.999306117148103,0.9994050761776402,0.9998178200499866,0.008841983734794294
3.4633331298828125,0,0.021875038978074232,0.054974113546433175,0.14841313161677763,0.9993507784182234,0.9994387168173312,0.9998502086692368,0.007612246852976805
3.4951224327087402,0,0.021872747108015685,0.05497099711411228,0.14840304556534695,0.9993293071787482,0.9994241561723236,0.9998430199049136,0.007619037995630608
3.527811288833618,0,0.021865940041893073,0.05495075190993298,0.14835283942458807,0.9992790761729164,0.9994060803549373,0.9998115151681936,0.00754142838183599
3.5616540908813477,0,0.021862200633081766,0.054943710167478114,0.1483363033880986,0.9993222687299234,0.9994190181728604,0.9998210330890002,0.008792944062075782
3.597801685333252,0,0.021875994214439327,0.05497870422320871,0.14843072573219973,0.9993185184364559,0.9994346436317888,0.9998428268866085,0.006132883504041886
3.631185531616211,0,0.021873011554875012,0.054967421827029246,0.14840452509069652,0.9993125123345789,0.9994247701214696,0.9998377187277804,0.0067966444237812776
3.66235613822937,0,0.021865838359306257,0.05495040193579054,0.14835915050837528,0.9992475039480505,0.9993944265483476,0.9997873585581907,0.007784244457541353
3.6967239379882812,0,0.021871459589397926,0.05496696837674493,0.1484059173429069,0.9993240097279175,0.9994226056358646,0.9998454039828765,0.007218279477583408
3.730628728866577,0,0.021864818775385944,0.054950312414129704,0.1483603070272017,0.9993170747278703,0.9994149897032764,0.9998241744178821,0.008551721623158731
3.763042449951172,0,0.021868155066520477,0.05495762507664397,0.14837828037183978,0.9993334899156769,0.9994346247632686,0.9998330167448692,0.007846113986874273
3.7962281703948975,0,0.021870513206554126,0.054967126858838936,0.14839485691582907,0.9993534258781334,0.9994338273106389,0.9998581069312645,0.00759638313183549
3.829890727996826,0,0.02186309444055834,0.05495005928733226,0.14834900064246898,0.999321118581711,0.9994183199016798,0.9998211394464234,0.008761694778281126
3.8634965419769287,0,0.02186760936608626,0.05496086820474483,0.14837867793669224,0.9993455509031735,0.9994380123062135,0.9998520599845798,0.007193715417691755
3.899081230163574,0,0.021856913365514145,0.054932072162994935,0.14830149410297472,0.999305685587299,0.9994016061039633,0.99980178046175,0.009828717048396971
3.9306118488311768,0,0.02186599371542238,0.05495716220648191,0.14837371982000172,0.9993243266275278,0.9994185301700212,0.9998283301899128,0.008531313450061051
3.9630234241485596,0,0.02186562218984879,0.05495482478905446,0.14836377232148426,0.9992656196011758,0.99940645181733,0.99979949729879,0.00741301807546334
3.996446371078491,0,0.021866885336415336,0.05495404369008812,0.14836362188555308,0.9993150450989204,0.9994239311772918,0.9998267509773928,0.007744220962222777
4.032946825027466,0,0.021860537257684023,0.05494016211246056,0.1483260808015342,0.9993449787552746,0.9994259324225392,0.9998375373330995,0.008771891351120841
4.062259674072266,0,0.021865969782966645,0.05495290434128554,0.14836250423611727,0.9992800690824479,0.9994050612332342,0.9998033427434481,0.00816406145280073
4.098510503768921,0,0.021866819878418473,0.0549506689129665,0.1483576752916192,0.999342983718382,0.9994243946369737,0.9998368216981222,0.00878523239199468
4.131595611572266,0,0.0218680444784927,0.05495604109448805,0.1483726354878132,0.9992960283003902,0.9994132381712186,0.9998302047683573,0.006966652789106757
4.1656670570373535,0,0.0218752761720765,0.05496989693865349,0.14841304327334529,0.9993428189043422,0.999431955508661,0.9998534405041837,0.007324380062482681
4.1983044147491455,0,0.021866949741768744,0.0549505576527084,0.14835231143655075,0.9993468786316105,0.999426343796802,0.9998439529821764,0.008498510307903304
4.22904109954834,0,0.02186934868082063,0.054959993974789075,0.14837804087021172,0.9993279033282672,0.9994244548961266,0.9998381782064587,0.007812742126029865
4.261805772781372,0,0.021861362239484088,0.054940789581390266,0.14832642048907005,0.9992989038208367,0.999403622423182,0.9998148461013039,0.008682995405211148
4.296107530593872,0,0.02186791442537372,0.05495512738786674,0.14835613329662917,0.999312264639252,0.9994202198865572,0.99981574543448,0.008452053607257913
4.333114385604858,0,0.02187292291483909,0.05497363418526609,0.14840951236154257,0.999333520353865,0.9994344060891153,0.999847188349934,0.006943083960331129
4.362700462341309,0,0.021863178181476935,0.05494225697553391,0.14833029770717326,0.9993141562180387,0.999415142421432,0.9997998070172832,0.009674520597089906
4.395087003707886,0,0.0218685988774256,0.054954639349257844,0.14836576831177484,0.9993275965266764,0.9994210469848192,0.9998406993047325,0.007850697624841198
4.431210517883301,0,0.021868250995126265,0.0549577683959395,0.1483709755406059,0.999317145360932,0.9994262375114411,0.9998341136607702,0.00726102358538915
4.462488174438477,0,0.021877946632231804,0.05497799689348413,0.14843144722326637,0.9993426851421788,0.999438220880617,0.9998472807458056,0.007303420501658404
4.493968725204468,0,0.021864627070354567,0.05494128429566081,0.14834086932668805,0.9992960823222332,0.9994017144623538,0.999815298342443,0.00860564945876728
4.529795169830322,0,0.02186989946948909,0.054956399672414676,0.14838192899305003,0.9993316418069169,0.9994279180865316,0.9998324822981802,0.008172974738474219
4.561663389205933,0,0.021871244386514374,0.05496073950680756,0.14839544011792052,0.9993690462632645,0.9994466767992368,0.999874424165162,0.006691207443499009
4.601701974868774,0,0.02186379266037848,0.054939781627770176,0.14834151087559344,0.9993229249276682,0.9994225692350149,0.999829267961433,0.008159192087439112
4.628288984298706,0,0.021858096916093188,0.0549308773648089,0.14832375121014357,0.9993220939998939,0.9994152811349042,0.9998297823603549,0.00850692081334822
4.662249565124512,0,0.021863518705872942,0.054941149949594294,0.14835334094927144,0.9992862022819315,0.999400510277123,0.9998222108731035,0.007678063074114123
4.694597482681274,0,0.021865272330137395,0.0549431135902657,0.1483533911551262,0.9993009877287254,0.99940660219575,0.999824810152899,0.008059601758414171
4.729264259338379,0,0.021879680286348346,0.0549803991497637,0.1484530036769864,0.9993371283010802,0.9994358565416623,0.9998562924989665,0.006449270288232862
4.763845682144165,0,0.021874485844602283,0.05497181190254004,0.14842641691800285,0.9993327046493584,0.9994247584847818,0.9998556151455115,0.0069779867778899645
4.795968055725098,0,0.021872046240553757,0.054962713633238736,0.14840169002357534,0.9993086201091094,0.9994045341480549,0.9998447238566053,0.00743672124431401
4.828652858734131,0,0.02187613427996824,0.054972273794918716,0.14843145453873222,0.999351388966199,0.999441072385571,0.9998642267547179,0.0065420259960702
4.863579273223877,0,0.021867092724384724,0.05494756923725333,0.14836385667817287,0.9993306774422626,0.999423531509805,0.9998395062644201,0.007960706009051636
4.895075798034668,0,0.021869793311625134,0.05495343024423777,0.14838157129735266,0.9993248515849409,0.9994160625181746,0.9998358512148392,0.008274459106224954
4.928283452987671,0,0.021869328252380582,0.0549506360649828,0.14837029899727505,0.9993140007402148,0.9994174060848412,0.999837740560504,0.0073992008680870466
4.962885141372681,0,0.021870694072863746,0.05495617085616652,0.1483844482870935,0.9993195515104967,0.9994232326990877,0.9998387344330616,0.007317662284052872
4.996042251586914,0,0.021870503566000146,0.05495134875414391,0.14836664989255982,0.999301702859642,0.9994179635011741,0.9998270029220467,0.007248013027069197
5.030133962631226,0,0.021860980678760213,0.05493087338604832,0.14830781862310677,0.9992964190020667,0.9994053600095454,0.9998008312171329,0.009206093033907934
5.0625081062316895,0,0.02187512330837907,0.05496850985021336,0.14841074303571472,0.9993144298673022,0.9994287633997037,0.9998300289840212,0.007179787982726461
5.096794366836548,0,0.021867196081345585,0.05494541905699857,0.14835018431759162,0.9992848268024441,0.9994108871722795,0.9998100750479592,0.007693339903042118
5.130737543106079,0,0.021870512192721858,0.05495014617079705,0.14836576734283832,0.9993639814430244,0.9994340837981321,0.9998528015747897,0.008539584323040686
5.162839412689209,0,0.021866111297574067,0.054939562181097634,0.14833651266089337,0.9992734023282224,0.9994015050548982,0.9997932189990452,0.008562395017326207
5.203320264816284,0,0.02187938827995925,0.054970684279895196,0.14842496771504882,0.9993428678819145,0.9994392749431636,0.9998580409156433,0.0064948683240433685
5.249934673309326,0,0.021871240100879673,0.05495351606999337,0.1483780323778603,0.9992926142412556,0.9994213834468176,0.9998116437697633,0.007422844074756339
5.281141042709351,0,0.02187139896741765,0.054951790418170894,0.14837769382358082,0.9993454983967235,0.9994345690771673,0.9998489357168854,0.007618937833281205
5.313518524169922,0,0.02186584231518574,0.054945102259399074,0.14835576269959005,0.9992976399162028,0.999410496818314,0.9998096740324129,0.008511070933920704
5.3399574756622314,0,0.021875871664322543,0.054965940644053767,0.1484134980032261,0.9993369378188091,0.9994312721979133,0.9998325622355243,0.008284634934394776
5.37267541885376,0,0.02187370123702405,0.05496223231153857,0.14840075574365977,0.9992971889447049,0.9994265132150036,0.9998276379997675,0.006270577628248137
5.3978869915008545,0,0.021865068822189547,0.05494714316192702,0.14835556078635287,0.9993103571530542,0.9994219690461257,0.9998197178681942,0.008003558092997213
5.431344032287598,0,0.021876045748816533,0.054975360194665125,0.148431901870765,0.9993712970191999,0.9994505290316108,0.9998864966521013,0.005626732344325052
5.462327241897583,0,0.02187094125508727,0.05496197635857732,0.1483965212706366,0.9993251160103502,0.9994270435374404,0.9998428048000734,0.007167111461939258
5.497395038604736,0,0.02185770051833166,0.054927043880985786,0.1483044253109061,0.9992917739426092,0.9994037830667576,0.9997915114361474,0.009524204950356845
5.530703544616699,0,0.021870730832733387,0.0549630490212022,0.1484010549760304,0.9993075607426142,0.9994173038305816,0.9998285011891204,0.007578497016978657
5.563089609146118,0,0.02187544208275004,0.05497051569529558,0.1484287820674266,0.9993588586892124,0.9994462241225576,0.9998637817681041,0.006745051487239697
5.596480131149292,0,0.021869098169536853,0.05495447200284083,0.14838733791545544,0.9993275849085811,0.9994171026733758,0.9998463639111148,0.007747197364542244
5.628529787063599,0,0.021867899840730204,0.05494731705557772,0.1483713274948306,0.9993081119052718,0.9994245758192078,0.9998297452900118,0.007052480465718468
5.681558847427368,0,0.021874134544465417,0.054965130603967315,0.1484189275096816,0.9993627751652683,0.9994532297663871,0.9998564687330783,0.007037459173039662
5.7240753173828125,0,0.02186434933952673,0.05493427434280565,0.14833607566992008,0.999303908675808,0.9994143070609669,0.9998181620483503,0.008167166223389127
5.764693975448608,0,0.021865405203136495,0.05494510654725058,0.14836125249832632,0.9993150607173831,0.9994105800358692,0.9998236718097471,0.008714570850955825
5.792055606842041,0,0.021863307556152484,0.05494101841627894,0.14834542108453544,0.9992867936091235,0.9994102742851028,0.9998122102665473,0.007723217813705454
5.8246660232543945,0,0.021865756830338094,0.05494704835330824,0.14836179621419598,0.9993573434251539,0.9994299665410732,0.9998596079135398,0.007991834333471769
5.847267150878906,0,0.021869006141481826,0.05495186898776451,0.1483737814057513,0.9993333276783911,0.9994279885862498,0.9998431866918662,0.007621505972693044
5.868556499481201,0,0.021876530666072286,0.05497608247795039,0.14843666064911235,0.999361089998532,0.9994504237177533,0.9998721393383353,0.0059660059526149885
5.8953306674957275,0,0.02187336935120275,0.05496156574922967,0.14840142813690438,0.9993157860948007,0.9994221536071594,0.9998371078770428,0.007244934039980054
5.928852558135986,0,0.021872835471392873,0.05495841488537209,0.14839677918228772,0.9993104597813205,0.999420258213121,0.9998254381622054,0.007767149824532287
5.961043119430542,0,0.021869574607061668,0.054951225678669335,0.14837674416810184,0.9993231694767064,0.9994197928369972,0.9998475070721717,0.007210999211763523
5.998185634613037,0,0.021872617874466368,0.05495632141287991,0.14839161646715232,0.9993126027965384,0.9994241940925209,0.999820131931827,0.007980527990901862
6.027629137039185,0,0.02187126616331058,0.05495357433830009,0.1483833219704334,0.9993043724770689,0.9994198034108492,0.9998251847712002,0.007422073358885871
6.061673164367676,0,0.021869357482295772,0.054952861129505697,0.14837914780302008,0.9992987781010992,0.9994051295988067,0.9998148657806131,0.008589789957305019
6.095622539520264,0,0.021878424454347074,0.05497361047317503,0.14843589977636243,0.9993030578303274,0.9994232982693223,0.9998332805551283,0.006534524639441136
6.128946781158447,0,0.02186550064719932,0.05494697557162116,0.14836072286272925,0.9993107996360533,0.9994096645844277,0.9998211522442487,0.00866524082958607
6.162590265274048,0,0.021863811368260582,0.054941713609403,0.14834569912376658,0.9992941990458718,0.9994198130507841,0.9998036715045071,0.008111487463096244
6.196360111236572,0,0.021861886088136474,0.05494426019706318,0.1483458817092181,0.9993102682268994,0.9994068462041708,0.999812784667262,0.009239803941121668
6.228309631347656,0,0.021867728359217062,0.05496389615973548,0.14839335441698828,0.9993083161637556,0.9994194670712313,0.999826568498549,0.007610783598444764
6.262482166290283,0,0.02186842368838172,0.05496924070591172,0.14840738436174547,0.9993443474215489,0.9994342518284094,0.9998540508965099,0.007233203025317034
6.295896530151367,0,0.02187207893014282,0.054975249412593935,0.14841636322279916,0.9993302180933148,0.9994166965751721,0.9998485886246659,0.007800712771081982
6.328060150146484,0,0.02187249000933514,0.05497379793721627,0.14840228091171564,0.9993289929636532,0.9994353001289076,0.9998400282080433,0.007056733212088407
6.362367153167725,0,0.021870786212706078,0.05498006426113935,0.1484033990533394,0.9993493787619632,0.9994296173597372,0.9998452230163754,0.008381786934491126
6.39638614654541,0,0.021857059902924757,0.054953429696340886,0.14830915986444448,0.9992951675642866,0.9994116939134675,0.9997873018390272,0.009506670623085347
6.431528091430664,0,0.02186149462543705,0.05497255061107453,0.14833844832936727,0.9992995264288882,0.9994115906873884,0.9997994122265689,0.009115283620656625
6.465939521789551,0,0.021851854381890086,0.054954404286539985,0.1482667361946264,0.9992750662389176,0.9993991389974338,0.9997589484220919,0.01049888726052388
6.498764991760254,0,0.02184697627004844,0.05494684498298082,0.1482420215654015,0.9992357343137486,0.9993842769053146,0.9997351847132483,0.010441292232138126
6.5288732051849365,0,0.021861799328367102,0.054983330257805337,0.14833007434820883,0.9992912393373091,0.9994146141752814,0.9997908578842003,0.008958996235334107
6.562666177749634,0,0.021859326155388895,0.054961206590988056,0.14828646841176776,0.9992562353758008,0.999396440691706,0.9997407995838912,0.010576674671910221
6.595657110214233,0,0.02186968864653143,0.0549658107453904,0.14836946822921554,0.9993407917061354,0.9994213367049293,0.9998293658850309,0.009230981093200839
6.630289554595947,0,0.021845840473259777,0.05492345464236294,0.1482464712473683,0.99924221843438,0.9993729683788645,0.999738513771085,0.011099751554164608
6.664369583129883,0,0.021876914181809103,0.05498646578096707,0.1484311924527889,0.9993603208809817,0.9994574981845409,0.9998549539430518,0.006666968496031584
6.696832895278931,0,0.021873440331736875,0.05497791705333993,0.14841118096359157,0.9993136812663412,0.9994206028702216,0.999839790870203,0.007026814914496074
6.7388200759887695,0,0.02186803132192078,0.054964345433365494,0.14838385870132603,0.9993364570233352,0.9994273335491091,0.9998471491675504,0.007614083036055667
6.768990516662598,0,0.02186672999251723,0.054962314084679983,0.14838057277708266,0.9993400021623194,0.9994319396027236,0.9998433200120169,0.007786830533377404
6.796247959136963,0,0.021868073580634563,0.05495063818899509,0.1483669323412993,0.9993463885520462,0.9994338967786731,0.9998491118574231,0.007707395602292074
6.830842018127441,0,0.021869195646171288,0.05495371779513446,0.14837490723546531,0.9993404021560801,0.9994384126409785,0.9998386153968085,0.007697252468723988
6.862218618392944,0,0.021865733350447548,0.054960730186725704,0.14837323055972815,0.9993264858644566,0.9994143399100459,0.9998529707340098,0.007435640360870861
6.896590709686279,0,0.021873117459819062,0.05497730316205866,0.14841823373988297,0.999350252031611,0.9994296675089099,0.9998636897564687,0.007299820092800232
6.948008298873901,0,0.021871324391638924,0.054970979729091506,0.1483957859502042,0.9993460206424811,0.9994321222226289,0.9998475784218028,0.007889780249110653
6.989975690841675,0,0.021870532815281767,0.05497275838036907,0.14839896615390147,0.9993490620496311,0.99944420944114,0.9998527423550655,0.006964133754203756
7.024842739105225,0,0.021863547972809236,0.05496699844540426,0.14836537146670034,0.9993356459205804,0.9994281470555834,0.9998387431505745,0.008029317601116486
7.0464653968811035,0,0.021850391672003953,0.05493687051567546,0.14826989142787883,0.9992991269971928,0.9994055201241868,0.9997869818909559,0.01003000474761946
7.069943904876709,0,0.02185522114137506,0.05495457203252402,0.14831253793594643,0.999257283782064,0.9993802171075068,0.9997748314851141,0.009794529350629399
7.094623327255249,0,0.021862904937883523,0.05497829856421902,0.14837833596950234,0.9993005367927031,0.9993963249643966,0.9998198520557827,0.008904723059616971
7.1319615840911865,0,0.021855625046561522,0.054955729450713635,0.1483248738242109,0.9992852010443621,0.9993979377097466,0.9998018061938333,0.008947667647338745
7.16338324546814,0,0.021847274945095415,0.05493854529858858,0.14827794557029197,0.999279690991331,0.9994011974236549,0.9997731739144322,0.009952138327329073
7.194154262542725,0,0.021869847348993405,0.054993429955170356,0.14843870984207427,0.9993536392736543,0.9994383003466408,0.9998655159517834,0.006814831834199075
7.228480100631714,0,0.02185665134009218,0.054960751244400974,0.14835829692920516,0.9993109489951273,0.9994085337385049,0.9998117487472941,0.00924076966361839
7.2616636753082275,0,0.02184969393337774,0.05493549373881393,0.14830820192624367,0.999291429000521,0.9994046256501528,0.9998069949030057,0.008640264317804451
7.29477858543396,0,0.021869216309575428,0.05497691426720975,0.1484235987926285,0.9993762593699798,0.999446981499879,0.9998735022994083,0.007239528673489907
7.328958511352539,0,0.021864176165241334,0.05496280363280851,0.14839404460765776,0.9993401310562713,0.9994292249876635,0.9998588063637963,0.0069663316367011684
7.365658760070801,0,0.02186301155772101,0.05496241708674809,0.14839190416768705,0.9993657084401398,0.9994468608040139,0.999851598720981,0.007954985190973225
7.397728681564331,0,0.02187111571792092,0.05498361174519356,0.14843075811568388,0.9993317867586708,0.9994355923949496,0.9998393991599585,0.007268747035999676
7.431365013122559,0,0.02186084409972347,0.05496813929688781,0.1483825635417093,0.9993292313795219,0.999419597546597,0.9998380830355891,0.008195169126157868
7.463451147079468,0,0.021863713824520976,0.054967432432451224,0.14837679862628117,0.9992911569041385,0.9994176339645645,0.9998127757088141,0.007498365030138257
7.496083736419678,0,0.021860144517195923,0.054958953965727725,0.14833672081447585,0.9992522253030482,0.9993882425129879,0.9997692300181101,0.0094104481499783
7.537022829055786,0,0.021857723301339674,0.05496431361201336,0.14833230911659384,0.9992868541266275,0.999412875920017,0.9997943842149244,0.008618607758728468
7.564490556716919,0,0.021864981197808858,0.054982898279399534,0.14837456940338772,0.9993172034495394,0.9994163898203344,0.9998193222583613,0.00875000811970123
7.59592080116272,0,0.021861132433723087,0.05498035244524514,0.14835516045964822,0.9993180578635329,0.9994262010235562,0.999807517880604,0.008899277191522786
7.630607843399048,0,0.021848449697128455,0.054945242412546266,0.14825170952772374,0.9992548125575269,0.9993853513686887,0.9997476956705706,0.0107069368958306
7.663495302200317,0,0.021864108608830576,0.054980033104492815,0.1483481564602387,0.9993454795582453,0.9994267178502787,0.9998149177787783,0.009925099053985063
7.699226379394531,0,0.021862698656955296,0.05498168604956953,0.14833510381452766,0.9992787608070538,0.999416315084256,0.999781971437948,0.008658200000494748
7.730235815048218,0,0.021856286803240886,0.05496955675496954,0.14829322566968964,0.999268637661353,0.9993995317617093,0.9997619012780421,0.010034294973441903
7.762566804885864,0,0.02185640026759687,0.05496538287034071,0.14828266222335398,0.9992199899174037,0.9993797724778767,0.99973476822226,0.009919436043369222
7.7969255447387695,0,0.021859869909499924,0.05496486050215012,0.1483003828314313,0.9992837176293343,0.9994016508085299,0.9997758867651656,0.009997016683747865
7.831814765930176,0,0.02185563456436748,0.05496083724306179,0.148297675329545,0.9992938392097065,0.999410950073983,0.9997717610764639,0.010236209616725923
7.86384391784668,0,0.021855632906639118,0.054953671617369734,0.14826718939377725,0.999268035094588,0.9993885518330202,0.9997628119715208,0.010484789975034079
7.898324728012085,0,0.021870663670328326,0.05497514451153384,0.1483564945711168,0.9993272469570202,0.9994198497498106,0.9998241840484062,0.008851650470543163
7.931904077529907,0,0.021864683223839915,0.05495828030369879,0.1483767227785623,0.9993184431221093,0.9994183032252552,0.9998342189187891,0.007847753629215084
7.9635913372039795,0,0.021856405336016693,0.054941864034220834,0.148352279106214,0.9993144645731901,0.9994242013818118,0.9998312058871323,0.0074076813566129295
7.9970948696136475,0,0.02185615182140557,0.05493925971885023,0.14835828223047853,0.9993229532108641,0.9994107275209693,0.9998362686137533,0.008450477829276833
8.033325433731079,0,0.02186179422095635,0.05494417007576437,0.1483725286830979,0.9993345994621451,0.9994307101846949,0.9998403874063562,0.007705251901144631
8.064204216003418,0,0.02186520197275455,0.05495128039058347,0.14839349174486155,0.9993395596454023,0.9994302263666694,0.9998547823308466,0.007131641948558271
8.097781658172607,0,0.021858674607169955,0.05493953879744727,0.14836754211830405,0.9993358803020584,0.9994353632902622,0.9998431379711421,0.00731148849706684
8.131537199020386,0,0.021865026828755754,0.05495034354693224,0.14841352418366413,0.999302529625014,0.999420860893074,0.9998378170316923,0.006341311747236266
8.164398670196533,0,0.021857312286888576,0.054933741674819604,0.14836570504885127,0.9993387945608562,0.9994291005379052,0.9998438202469948,0.007857369591958291
8.200392246246338,0,0.0218654680614003,0.0549566864834273,0.148413620928613,0.9993064702815242,0.9994241884447755,0.9998431463574328,0.005978379110442824
8.231691837310791,0,0.021863323388519422,0.05494916682916396,0.1483861723995735,0.9993384872516105,0.9994249336057889,0.9998516872117659,0.007611434742584148
8.263591051101685,0,0.021863207140912156,0.054956880651282944,0.14838896610814817,0.9993604638390507,0.9994406968653493,0.9998531820463424,0.007914218310386932
8.298601150512695,0,0.02185532541390639,0.05494629109460154,0.14834006339645034,0.9993127592022636,0.9994171923582301,0.9998246921483136,0.008140493396309956
8.333354234695435,0,0.021857581713833396,0.05496227783202096,0.1483577965770709,0.9992610967035811,0.9993905798947788,0.9997847747982352,0.008945402880950665
8.36770248413086,0,0.021851174186955067,0.05495405081175989,0.14831620266144585,0.9993156442210827,0.9994126785554753,0.9997925571011695,0.010220984639177099
8.396775007247925,0,0.021863480786882904,0.054977220843616954,0.1483677914480766,0.9993091248814154,0.9994048149497187,0.9998111006652562,0.009373322108445551
8.430387735366821,0,0.021852941130014174,0.05495873442875328,0.14830879716638018,0.99927104465454,0.9993949426654593,0.9997751198212065,0.009736047240321044
8.463720083236694,0,0.02185201237548627,0.05495038674104558,0.14829204973314059,0.9993035462061844,0.9994135575959181,0.9997954188619507,0.00943167231263509
8.49763798713684,0,0.02185100773318624,0.054943216188128786,0.14827394497013735,0.9992324836339767,0.9993871395036585,0.9997386212835911,0.009987401598381792
8.531700611114502,0,0.0218583405756098,0.054952903480115445,0.1483064285954281,0.9993117870701806,0.9994086106075503,0.9997916719679959,0.01027172839744674
8.56289553642273,0,0.021862170470312567,0.05495504638214979,0.14832868893530568,0.9992797294008079,0.9994043291044471,0.9997992940765085,0.008421072591349187
8.598773956298828,0,0.021874805631428882,0.05498334727503925,0.148413778827663,0.9993345828079592,0.9994235927446926,0.9998435178263605,0.007954622149900718
8.630281209945679,0,0.021863222238184727,0.05495213401353094,0.1483333836499257,0.9993166104243597,0.999420958526668,0.9998176375804795,0.008552737407685954
8.662120342254639,0,0.02186452855133487,0.054952870449193364,0.14833648869087818,0.9993343589293153,0.9994275795631269,0.9998308053680726,0.008449967944780841
8.697425842285156,0,0.02187132779810138,0.05496729560456324,0.14837220580160995,0.9993172459968105,0.9994225605573807,0.9998217421238005,0.00826219923535674
8.729312181472778,0,0.02187087936302758,0.05497314651261555,0.14838270820763097,0.9993044813839749,0.9994024448265233,0.9998274131140609,0.008361608960325808
8.764041900634766,0,0.021869543812956714,0.05497696791224626,0.14838672319458446,0.9993509185915106,0.9994267300406166,0.9998560191294866,0.008011645042713697
8.796981811523438,0,0.021856796374086898,0.05494626188804489,0.1482907147066961,0.999262792446864,0.9993910435090505,0.9997659115985513,0.009968303975422716
8.830847024917603,0,0.021869919868521485,0.054981628490568674,0.1483844736503321,0.9993179071223067,0.9994205788048425,0.9998198410242214,0.008524586055290497
8.863829612731934,0,0.021859700237382387,0.054963082905352595,0.14833666874705642,0.9993127008319572,0.9994176517812009,0.9997992840481786,0.009498356133228391
8.898370027542114,0,0.021863481877306492,0.054965770598718974,0.14835836829298643,0.9993017309999974,0.9994154775966637,0.999802977236228,0.008833448572465239
8.931185007095337,0,0.02186338331130848,0.05496954040788684,0.14837079755790722,0.9993430211902661,0.9994228336338127,0.9998311982639216,0.009174436648360786
8.962324857711792,0,0.021861976387326953,0.05496524557277181,0.1483745045553973,0.9993401921388406,0.9994332377735516,0.999843189911931,0.0077253854290115975
8.997443914413452,0,0.021860351122361274,0.05494961036133457,0.14835198059046134,0.999310898798833,0.9994101211336723,0.9998283521109933,0.008234941742263925
9.029069185256958,0,0.021859989439456377,0.054949512607358225,0.14836282918078675,0.9993510294107074,0.9994374820256653,0.9998490566246817,0.007778363156444845
9.062483072280884,0,0.021861000509550213,0.05495500847231755,0.14838582307836032,0.9993011209085401,0.9994178657361011,0.9998266596710718,0.007238205145476048
9.098402738571167,0,0.021853627696059127,0.05493847177155541,0.14834068727712177,0.9993224333823009,0.9994233472616568,0.9998290966136194,0.008093160037450255
9.12953495979309,0,0.02186465813017877,0.05496697310229392,0.1484116750959623,0.9993720184842312,0.9994387064080483,0.9998765814115873,0.007305670006340367
9.16270899772644,0,0.021852028946997858,0.05494048697703047,0.14832983031138336,0.9993112484712822,0.9994206415898226,0.9998107816592575,0.008649068642788757
9.198073863983154,0,0.021866775144788454,0.05497688790644603,0.14842009822840135,0.9993327487365278,0.999436025159388,0.9998572093263514,0.0060261958643638884
9.23302149772644,0,0.021865420220408913,0.05497727697104898,0.14840822157072364,0.9993327922310549,0.9994232179515409,0.999846371249789,0.0076907162664190225
9.264864683151245,0,0.021854076972147026,0.05494498767813324,0.1483152966799262,0.9992930244292519,0.9993985005843358,0.9997986936577206,0.009496040008993957
9.296370029449463,0,0.0218554138643106,0.05495232231089747,0.14833202953990757,0.9993155197800306,0.9994104809239572,0.9998161643877543,0.009149956434221828
9.331643342971802,0,0.021862629904180485,0.05495903500110289,0.14835356928552246,0.9993417046201823,0.9994346279954058,0.9998282254087697,0.008614437501914872
9.379894971847534,0,0.021852095669956252,0.05493539931189527,0.14829527756756747,0.9992833058278571,0.999406637318688,0.9997868105852062,0.00917376111545026
9.432185173034668,0,0.021867096892713114,0.05496611032704364,0.14838401962165,0.9993509308189146,0.9994326997753664,0.9998527016327736,0.007846212419286127
9.468717813491821,0,0.0218619354049688,0.05494978245318426,0.148339384237272,0.999283218826783,0.9994139947729669,0.9998041363210672,0.0077655340917980355
9.492255210876465,0,0.021866689926060306,0.0549617449963738,0.14836707672227042,0.9993167103195597,0.9994265484665515,0.9998255478514729,0.007759498844180943
9.513471126556396,0,0.021864185882674587,0.054955579196553035,0.14834541715753097,0.9993028324372566,0.9994107797853394,0.9998167283721886,0.008393967731877446
9.535719394683838,0,0.021858303080930175,0.05494434540776812,0.14831271616965724,0.9992866333501716,0.9994170031094916,0.9997855881899879,0.008860329967631125
9.563293933868408,0,0.021863434336189758,0.0549620645329547,0.14835214956314174,0.9993185718641998,0.9994088685744473,0.9998087587293168,0.009769401620249614
9.596904516220093,0,0.02186509707146371,0.0549661312483376,0.14836220283072402,0.999336211856504,0.9994241698868794,0.9998349568633771,0.008517565530329937
9.630680084228516,0,0.02186171894198677,0.05495675161604178,0.14834086432146332,0.9993066402673586,0.9994129017558825,0.9998125538815549,0.008725302218147844
9.663863897323608,0,0.021863519345954024,0.0549595961397711,0.14835571268482417,0.999315989559234,0.9994151436403831,0.9998251360389772,0.008425812787550658
9.697168827056885,0,0.02186631094628176,0.05496859354685822,0.14838151719595674,0.9993546343440648,0.999431186042747,0.9998483043752521,0.008420853404356948
9.72948670387268,0,0.021862758026335975,0.05496140462161277,0.14835889906246988,0.9992727077068311,0.9994011670281445,0.9998029316392262,0.007978355047804395
9.763604640960693,0,0.021868565055658866,0.054974564406426514,0.14840679973016868,0.9993313178731804,0.9994236522741111,0.9998528046262664,0.007149130137184044
9.795348167419434,0,0.021869896594012478,0.054975113893306275,0.1484094423450937,0.9993355364472724,0.999435914340249,0.9998517129481661,0.006661308457588557
9.829780578613281,0,0.02185394601274209,0.05493972037744496,0.1483131831443579,0.9992911010004463,0.9993886316472569,0.9998006843212313,0.009798517681881209
9.863263130187988,0,0.021866256323429353,0.05496885874506831,0.14839220776774623,0.9993526165139489,0.9994369407538564,0.9998564455928669,0.007448274556515784
9.897276639938354,0,0.021864258592910503,0.05496703105627594,0.14838821913143033,0.9993557853694537,0.9994326629788417,0.9998547228883579,0.008025645820318839
9.928518056869507,0,0.021857730004116328,0.05494709845222563,0.1483368922907637,0.9993115009828555,0.9994174276530806,0.9998154698599917,0.008583358040821276
9.962526559829712,0,0.02186129797252657,0.05495984483825022,0.1483756724492869,0.999323495116856,0.9994199435354628,0.9998301977998008,0.008294198590196759
9.998483419418335,0,0.02185648727638539,0.054950302100875356,0.148343970946271,0.9993158698576341,0.9994196168048114,0.9998289517178601,0.00792818701517858
